<Pytania>
    <Blok>
    <Pytanie temat = "Typ wyliczeniowy i aliasy">
        <Podstawowe>definicja aliasu, definicja typu wyliczeniowego, praca z typem wyliczeniowym</Podstawowe>
        <Dodatkowe>różnica miedzy enum a enum class, zastosowania aliasów w programowaniu</Dodatkowe>
    </Pytanie>
    <Pytanie temat ="Struktury">
        <Podstawowe>pojęcie struktury, definicja i instancja struktury, komunikacja z polami struktury</Podstawowe>
        <Dodatkowe>operacje wskaźnikowe ze strukturami, proceduralne przetwarzanie struktur</Dodatkowe>
    </Pytanie>
    <Pytanie temat ="Jednostki translacji">
        <Podstawowe>Pojęcie jednostki translacji, zasady podziału na pliki, działanie mechanizmów zapobiegania wielokrotnemu dołączaniu</Podstawowe>
        <Dodatkowe>zapobieganie dołączeniom cyklicznym, działanie i zastosowanie extern</Dodatkowe>
    </Pytanie>
    <Pytanie temat ="Polimorfizm proceduralny">
        <Podstawowe>zasady przeciążania nazw funkcji, pojęcie polimorfizmu statycznego, pojęcie polimorfizmu dynamicznego</Podstawowe>
        <Dodatkowe>definiowanie wskaźników na funkcję, wpływ domyślnych wartości argumentów na działanie polimorfizmu</Dodatkowe>
    </Pytanie>
    <Pytanie temat ="Przekazywanie tablic do/z funkcji">
        <Podstawowe>przekazywanie tablicy przez wskaźnik/referencję, przekazywanie tablic dynamicznych, zwracanie wskaźnika/referencji</Podstawowe>
        <Dodatkowe>zmienne statyczne, przekazywanie tablicy przez wartość (z kopią)).</Dodatkowe>
    </Pytanie>
    <Pytanie temat ="Dynamiczna alokacja pamięci">
        <Podstawowe>alokacja/zwalnianie pamięci, czas życia alokacji, wyciek pamięci</Podstawowe>
        <Dodatkowe>rodzaje alokacji tablic wielowymiarowych, rozpoznawanie rodzaju i rozmiaru alokacji</Dodatkowe>
    </Pytanie>
    <Pytanie temat ="Operacje bitowe">
        <Podstawowe>podstawowe operacje plikowe, maski bitowe, zadawanie liczb w systemie heksadecymalnym</Podstawowe>
        <Dodatkowe>ustawianie/odczyt stanu na konkretnym bicie, sposoby kompresji danych z użyciem operacji bitowych</Dodatkowe>
    </Pytanie>
    <Pytanie temat ="Operacje plikowe">
        <Podstawowe>tryby pracy z plikami otwieranie/zamykanie plików, głowica komunikacyjna</Podstawowe>
        <Dodatkowe>ręczne pozycjonowanie głowicy, działanie flagi EOF</Dodatkowe>
    </Pytanie>
    </Blok>

    <Blok>
        <Pytanie temat = "Klasy">
            <Podstawowe>koncepcja programowania obiektowego, pojęcie klasy/instancji, zasada enkapsulacji – pola i akcesory,</Podstawowe>
            <Dodatkowe>składniki statyczne i instancyjne, korzyści z enkapsulacji</Dodatkowe>
        </Pytanie>

        <Pytanie temat ="Konstruktory i destruktor">
            <Podstawowe>pojęcie konstruktora/destruktora, rodzaje konstruktorów, lista inicjalizacyjna konstruktora</Podstawowe>
            <Dodatkowe>inicjalizacja pól klasy, kolejność wywoływania konstruktorów w kompozycji i dziedziczeniu</Dodatkowe>
        </Pytanie>
        <Pytanie temat = "Instancje stałe">
            <Podstawowe>co to jest instancja stała, kiedy występuje, metody do pracy na instancjach stałych</Podstawowe>
            <Dodatkowe>inicjalizacja pól instancji stałej, pola mutable</Dodatkowe>
        </Pytanie>
        <Pytanie temat = "Interakcje obiektowe">
            <Podstawowe>asocjacja, agregacja, kompozycja</Podstawowe>
            <Dodatkowe>óżnice miedzy asocjacją a agregacją, różnice miedzy agregacją a kompozycją</Dodatkowe>
        </Pytanie>

        <Pytanie temat ="Dziedziczenie i polimorfizm obiektowy">
            <Podstawowe>dziedziczenie, sekcja prywatna i chroniona, metody wirtualne i polimorfizm</Podstawowe>
            <Dodatkowe>rodzaje dziedziczenia, wyjątki przy dziedziczeniu/napisanie składników</Dodatkowe>
        </Pytanie>
            
        <Pytanie temat ="Hierarchie klas">
            <Podstawowe>rodzaje hierarchii dziedziczenia, dziedziczenie wielopoziomowe, klasa abstrakcyjna</Podstawowe>
            <Dodatkowe>dziedziczenie wielobazowe, dziedziczenie wirtualne</Dodatkowe>
        </Pytanie>
    </Blok>

    <Blok>
        <Pytanie temat ="Operatory">
            <Podstawowe>sposoby przeciążania operatorów, typy operatorów (liczba argumentów), relacja przyjaźni</Podstawowe>
            <Dodatkowe>pojęcie i działanie funktora, przeciążanie pre- i post- inkrementacji</Dodatkowe>
        </Pytanie>

        <Pytanie temat ="Konwersje">
            <Podstawowe>typy konwersji formalnych, konwersje nieformalne, blokada konwersji niejawnych</Podstawowe>
            <Dodatkowe>dyskusja, doboru typu konwersji, typy rzutowania w C++).</Dodatkowe>
        </Pytanie>

        <Pytanie temat = "Kopiowanie instancji">
            <Podstawowe>kiedy pojawia się problem kopii płytkiej i głębokiej, jak działa kopia płytka i głęboka, czym jest operacja przeniesienia</Podstawowe>
            <Dodatkowe>inteligentne wskaźniki, działanie Copy-On-Write</Dodatkowe>
        </Pytanie>

        <Pytanie temat = "Narzędzia STL">
            <Podstawowe>rodzaje kontenerów, omówienie wybranego narzędzia przy pomocy dokumentacji języka, iteratory,</Podstawowe>
            <Dodatkowe>czym różni się losowanie liczb w C++ od C, dyskusja doboru typu kolekcji</Dodatkowe>
        </Pytanie>

        <Pytanie temat = "Szablony">
            <Podstawowe>koncepcja szablonu, szablony funkcji i klas, co może być parametrem szablonu</Podstawowe>
            <Dodatkowe>specjalizacje szablonów, kompatybilność szablonów</Dodatkowe>
        </Pytanie>
    </Blok>

    <Blok>
        <Pytanie temat = "Działanie GUI w Qt">
            <Podstawowe>(jak tworzymy własne ono w Qt, omówienie wybranej kontrolki na bazie dokumentacji, relacja rodzić dziecko</Podstawowe>
            <Dodatkowe>klasa ukryta, obsługa zdarzeń w Qt</Dodatkowe>
        </Pytanie>

        <Pytanie temat = "Sygnały i sloty">
            <Podstawowe>pojęcie sygnału i slotu, pojęcie emitera i odbiornika, automatyczne łączenie po nazwach</Podstawowe>
            <Dodatkowe>ręczne łączenie sygnałów i slotów, co można łączyć</Dodatkowe>
        </Pytanie>

        <Pytanie temat = "Projektowanie aplikacji">
            <Podstawowe>layout’y i spacery, komunikacja między oknami, poznane modele aplikacji</Podstawowe>
            <Dodatkowe>destrukcja okna, omówienie warstw modelu 3W</Dodatkowe>
        </Pytanie>

        <Pytanie temat = "Refaktoryzacja">
            <Podstawowe>pojęcie refaktoryzacji, wybrane przekształcenie strukturalne, wybrane przekształcenie obiektowe,</Podstawowe>
            <Dodatkowe>cele refaktoryzacji, porównanie refaktoryzacji do optymalizacji</Dodatkowe>
        </Pytanie>
    </Blok>
</Pytania>